{"cameraMode":{"drawMode":0,"name":"Shaded","section":"Shading Mode"},"sceneLighting":false,"audioPlay":false,"sceneViewState":{"showFog":true,"showMaterialUpdate":false,"showSkybox":true,"showFlares":true,"showImageEffects":true,"showParticleSystems":true},"in2DMode":false,"pivot":{"x":-63.61172866821289,"y":210.19837951660157,"z":412.95086669921877},"rotation":{"x":-0.019808553159236909,"y":0.0005970700294710696,"z":-0.000010928817573585548,"w":-0.9998085498809815},"size":332.62933349609377,"orthographic":false}